Metric,Value
Precision,0.6819923371647509
Recall,0.9343832020997376
F1,0.7884828349944629
FPR,0.7579908675799086
FNR,0.06561679790026247
TPR,0.9343832020997376
